Diseases,Symptom_1,Symptom_2,Symptom_3,Symptom_4,Symptom_5,Symptom_6,Symptom_7
Alcoholism/Alcohol Addiction,drinking alcohol without any limit,can' stay without alcohol,always finding a reason to drink,not performing well at school or work due to alcoholism,continuing to drink even if it causes health or financial issues,showing no interest in social,occupational and recreational activities
Anxiety,recurrent fear,restlessness ,disturbances during sleep,weight disturbances(increase/decrease),headache,trembling,excessive sweating
Gaming Disorder,restlessness when unable to play,lying to others for playing games,isolation from others,poor personal hygiene,weight disturbances(increase/decrease),,
Narcolepsy,excessive sleep,weakness  of muscle,hallucinations,difficulty in concentration,disturbances during sleep,,
Obsessive Compulsive Disorder,recurrent fear,severe mental confusion,random acts done to reduce anxiety, repeated thoughts of hands being dirty,excessive washing or cleaning,avoiding particular numbers,
Schizophrenia,hallucinations, delusions,severe mental confusion,abnormal behaviour,,,
Anorexia Nervosa(Female)(Young Age),weight loss of extreme nature,missing a period,swelling of arms,swelling of legs,refusal to eat,fear of gaining weight,
Depression,no interest or pleasure in things you used to enjoy,feeling sad,crying easily for no reason,feeling worthless or guilty,change in appetite,"trouble recalling things, concentrating or making decisions",thoughts about death or suicide
Anaemia,abnormal weakness,abnormal breathing(slow),yellow discoloration of the skin,chest pain,headache,,
Diabetes,frequent urination, feeling very thirsty,appetite disturbances(low/high),weight disturbances(increase/decrease),cuts or wounds that heal slowly,vision problem,
Haemophilia,unusual bleeding from cuts,bruised skin,joint pain,swelling of joints,blood in stool,blood in urine,
Hypertension (High Blood Pressure),headache,chest pain,fast heartbeat,blood from nose,,,
Iron Deficiency Anemia,abnormal weakness,abnormal breathing(slow),headache,hair loss,,,
Jaundice,yellow discoloration of the eyes,yellow discoloration of stool,dark urination,,,,
Gangrene,skin discoloration that ranges from pale to blue or red,damaged skin,severe pain on affected area of skin,feeling of numbness on skin,a foul-smelling discharge leaking from a sore,,
Arthritis(Adults),joint pain,tenderness in joints,joint stiffness,loss of flexibility in joints,swelling of joints,,
Osteoporosis,bones that break easily,fragility in ribs/spinal cord/hips,joint pain,loss of height,curved upper back,,
Gout,"pain in joints of ankle, foot or knee",physical deformity of foot,redness of foot,,,,
Hip Tendinitis,pain in hip,stiffness in hip,swelling in hip,,,,
Osteogenesis Imperfecta,bluish tinge of the white of the eye,bones that break easily,bow legs,enlarged head,,,
Rickets,delayed growth,bow legs, weakness and pain in the spine,,,,
Abducens Nerve Palsy,perception of two images of a single object problem,inward deviation of eyeball,involuntary closing of one eye,,,,
Acute Encephalitis Syndrome(Children),severe mental confusion,disorientation(losing sense of direction),trouble in speaking,abnormal behaviour,,,
Alcohol Intoxication,drank alcohol in past 12-24 hours,vomiting/feel to vomit,blackout,memory problem,,,
Alcohol Intoxication,drank alcohol in past 12-24 hours,vomiting/feel to vomit,abnormal breathing(slow),abnormal breathing(fast),severe mental confusion,blackout,memory problem
Alzheimer'S Disease(Old Age),memory problem,difficulty in planning and problem solving,difficulty in doing previously familiar tasks,difficulty in concentration,abnormal behaviour,,
Autism(Children),avoiding eye contact with others,staying all alone,difficulty in understanding,trouble in speaking,give unrelated answers to questions,,
Dementia,abnormal behaviour,memory problem,severe mental confusion,difficulty handling complex tasks,,,
Epilepsy,uncontrollable shaking of limbs,loss of awareness of surrounding,staring blankly,,,,
Migraine,mood disorders,flashes of light,blind spots,difficulty in coordinating,pain on one side of head,vomiting/feel to vomit,
Neuralgia,sudden severe pain in the area of nerve,skin sensitivity,skin numbness,paralysis,,,
Parkinson'S Disease,uncontrollable shaking of limbs,resistance in limb movement,mask like face,reduced eye blink,,,
Shaken Baby Syndrome(Infants),past child abuse,vomiting/feel to vomit,irritability,trembling,excessive sleep,failure to smile,
Trochlear Nerve Palsy,elevation in eyes,perception of two images of a single object problem,head tilt to minimise diplopia,problem in closing eyes,,,
Concussion/Mild Traumatic Brain Injury,past brain injury,memory problem,severe mental confusion, problems with coordination,vomiting/feel to vomit,,
Breast Cancer / Carcinoma(Women),change in shape or size of one breast,nipple changing position,discharge from nipple with constant pain,swelling around collarbone/armpit,,,
Cervical Cancer(Women),unusual bleeding between two periods,unusual bleeding after sex,unusual bleeding after menopause,persistent white / watery / foul discharge from female genitals,a single swollen leg,,
Oral Cancer,white/red patches in mouth/tongue,sores in mouth that doesn't heal,prolong swelling in mouth,pain during swallowing,swelling of lymph glands of neck,,
Otitis Media(Ear Infection),ear pain,high fever,slight deafness,blocked nose,runny nose,,
Cholecystitis(Gall Bladder Stones),sudden pain in upper right abdomen,long-lasting pain after meals,,,,,
Gallstones,sudden pain in upper right abdomen,sudden and rapidly increasing pain in the center of the abdomen,back pain between the shoulder blades,,,,
Urinary Incontinence,complete inability to control urination,slight loss of urine after sneezing; coughing or laughing,complete inability to control urination,,,,
Amaurosis Fugax(Eye),sudden partial or complete diminish of vision,contrast vision problem,sparkling in front of eyes,,,,
Amblyopia(Poor Vision Of Eye)(Child),contrast vision problem,loss of focus with one eye,light sensitivity of eyes,,,,
Astigmatism,vision problem,eye fatigue,narrowing of eyes,headache,perception of two images of a single object problem,,
Blepharitis,crust formation on lid margins,itchy eyelids,redness of eyes,light sensitivity of eyes,,,
Cogenital Myopia(Inants),poor vision of eye,poor eye focus,squint,distant vision problem,holding things close to eyes,,
Computer Vision Syndrome,dry eyes,watery eyes,eyestrain,redness of eyes,burning of eyes,headache,back/neck pain
Conjunctivitis,watery eyes that prevent eye's opening,redness of eyes,itching in eyes,watery eyes,light sensitivity of eyes,,
Glaucoma,side vision dull or absent,seeing rainbow like rings around lights,,,,,
Hypermetropia(Adult),near vision problem,eyestrain,headache in front part,watery eyes,light sensitivity of eyes,,
Myopia,distant vision problem,eyestrain,night blindness,,,,
Papilloedema(Swollen Retina),perception of two images of a single object,ringing in the ear,headache,vomiting/feel to vomit,,,
Photophthalmia,welding worker,swelling of eyes,abnormal contraction of eyelid,burning of eyes,,,
Pterygium(Eyes)(Eye Web),elevated sore in eye,reduced movement of eyes,pain in eyes,swelling of eyes,,,
Xerophthalmia,scaly cornea,dry eyes,spots in eyes,degeneration of cornea,night blindness,light sensitivity of eyes,
Cataract(Old Age),"dim, clouded or blurred vision",fading of colors,perception of two images of a single object problem,problem with light and glare,,,
Chikungunya Fever,high fever,muscle pain,joint pain,abnormal weakness,skin rashes,,
Dengue Fever,high fever,headache for long time,joint pain,skin rashes after fever,swelling of lymph glands of neck,vomiting/feel to vomit,
Malaria,high fever,fits,blackout,headache,vomiting/feel to vomit,abnormal weakness,
Pneumonia,high fever,trembling,fast heartbeat,excessive sweating,chest pain,mucus during cough,blood during cough
Rabies,high fever,fear from water,fear from flying/height,vomiting/feel to vomit,excess salivation,violent behaviour,
Rheumatic Fever,high fever,pus from throat,unusual bleeding spots in throat,pain during swallowing,harsh voice,throat redness,
Typhoid / Enteric Fever,stale food eaten,high fever,vomiting/feel to vomit,swelling in abdomen,constipation,watery stool,weight loss of extreme nature
Vitamin B12 Deficiency,yellow discoloration of the skin,white/red patches in mouth/tongue,sores in mouth,,,,
Zika Virus Disease,high fever,swelling on or around the eyelids,skin rashes,pain behind eyes,,,
Gonorrhea(Men),greenish yellow/white discharge from penis,burning feel during urination,swollen and painful testicles,,,,
Lichen Planus(Penis)(Men),abnormal patches on penis,rashes on skin of penis,,,,,
Syphilis,past sex experience with unknown,sores on genital parts,sores in mouth,sores on tongue,,,
Benign Prostate Hypertrophy(Men)(Old Age),trouble starting a urine stream,excessive urination at night,feeling that the bladder has not fully emptied,complete inability to control urination,,,
Hydrocele(Male),swollen testicle,discomfort in testicle,,,,,
Prostatitis(Prostate Inflammation)(Men),trouble starting a urine stream, pain in the groin,pain in pelvic area or genitals,excessive urination at night,,,
Endometriosis(Women),severe painful periods,unusual bleeding between periods,pain during or after sex,abnormal tissue growth outside female genital,,,
Fibroids(Women),severe painful periods,unusual bleeding between periods,pain during or after sex,abnormal tissue growth outside female genital,not able to conceive/sterile,multiple miscarriages,
Gonorrhea(Women),greenish yellow/white discharge from vagina,spotting after intercourse,burning feel during urination,unusual bleeding between periods,,,
Lichen Planus(Vulva)(Women),greenish yellow/white discharge from vagina,burning around  vulva,white patches in female genital area,scar tissue near vagina,,,
Polycystic Ovary Syndrome (Pcos)(Women),irregular periods, obesity,lower abdomen pain,oily skin,male characteristics showing up in females,skin patches,not able to conceive/sterile
Premenstrual Syndrome(Women),menstrutal cycle within 2 weeks,mood disorders,irritability,depression,bloating/gas,,
Amoebiasis,abdomen pain,watery stool,blood in stool,occasional fever,,,
Appendicitis,sudden pain on the right side of the lower abdomen,high fever,sudden pain around navel and shifts to lower right abdomen,pain during cough,,,
Cholera,abdomen pain,high fever,vomiting/feel to vomit,fluid loss,,,
Diarrhoea,abdomen pain,watery stool,blood in stool,urgency in bowel movement,vomiting/feel to vomit,,
Food Poisoning,stale food eaten,abdomen pain,high fever,vomiting/feel to vomit,watery stool,,
Gerd,pain below breastbone,sour taste in back of mouth,difficulty in swallowing,,,,
Inflammatory Bowel Disease,abdomen pain,constipation,abnormal weakness,weight disturbances(increase/decrease),,,
Kala-Azar/ Leishmaniasis/Black Fever,dry/scaly skin,hair loss,grayish discoloration of the skin,appetite disturbances(low/high),weight disturbances(increase/decrease),,
Lactose Intolerance,milk drank in past hours,bloating/gas,sounds from stomach,watery stool,abdomen pain,,
Lead Poisoning,abdomen pain,metallic taste,vomiting/feel to vomit,reduced iq,abnormal behaviour,fits,
Chagas Disease(Acute),high fever,swelling on or around the eyelids,watery stool,body pain,appetite disturbances(low/high),,
Colorectal Polyp(Old Age),blood in stool,change of stool color,constipation,watery stool,abdomen pain,vomiting/feel to vomit,
Diverticulitis(Old Age),fever,pain in lower left side/right side of the abdomen,vomiting/feel to vomit,constipation,watery stool,,
Dysentery,drank water from contaminated sources/eat undercooked food/stale food,abdomen pain,constipation,watery stool,vomiting/feel to vomit,fever,
Hernia,bulge in abdomen,bulge in groin area,abdomen pain,pain in groin area,,,
Stomach Ulcers,chest pain,upper abdomen pain, heartburn,passing excessive amounts of gas,feeling full sooner than normal,,
Carpal Tunnel Syndrome,tingling/numbness in hands,pain in hands,burning sensation in the hands,weakness of thumb,swelling of hands,,
Raynaud'S Phenomenon,discoloration of the fingers,brittle nails,body part turns white,bluish discoloration of skin,,,
Sprained Thumb,weakness of thumb, swelling in thumb, bruising and pain in thumb area,stiffness in thumb,,,
Coronary Heart Disease,feeling heavy in heart,pain below breastbone,back/neck pain,pain in heart after being emotional,abnormal breathing(slow),uneasy feeling in neck,
Stroke,weakness  of face,weakness  of arm,weakness  of legs,weakness of half body,trouble in speaking,difficulty walking,
Angina,pain below breastbone,back/neck pain,heartburn,indigestion-like pain in the abdomen,excessive sweating,,
Embolic Stroke, weakness/paralysis of one side of the body,weakness  of legs, difficulty walking, problems with coordination,difficulty raising the foot,,
Tia(Mini Stoke), weakness/paralysis of one side of the body,slurred speech,,,,,
Goitre,swelling of lymph glands of neck,throat tightness,difficulty in swallowing,,,,
Mumps(Infants),fever,sweeling of cheek,difficulty in eating,disturbances during sleep,nonverbal learning disability,,
Turners Syndrome(Women),short stature,swelling of hands,swelling of legs,low-set ears,irregular periods,,
Acquired Immuno Deficiency Syndrome,past sex experience with unknown,high fever,watery stool,weight loss of extreme nature,,,
Coronavirus Disease 2019 (Covid-19),changes in sense of taste or smell,difficulty in breathing,high fever,,,,
Lymphoedema,swelling in limbs,limbs being heavy,resistance in limb movement,limb pain,skin infection on limbs,,
Varicose Veins,aching and uncomfortable legs,appearance of spider veins leg,swelling of legs,burning in legs,muscle cramp in legs,itching in legs,
Paraplegsia, loss of muscle function in the lower half of the body,leaking of urine,reduced sensation of touch in legs,,,,
Cirrhosis Of The Liver,existing condition such as hepatitis/alcoholism,easily affected to bruises and bleeding,spider-like blood vessels on the skin,yellow discoloration of the skin,yellow discoloration of the eyes,swelling of legs,
Asthma,severe cough,difficulty in breathing,chest pain,,,,
Chronic Obstructive Pulmonary Disease (Copd),severe cough,difficulty in breathing,mucus during cough,daily activities become very difficult ,,,
Neonatal Respiratory Disease Syndrome(Nrds)(Infants),bluish discoloration of skin,fast heartbeat,less urination,,,,
Silicosis,silica related occupation,abnormal breathing(slow),chest pain,dry cough,bluish tint nails,,
Tuberculosis,cough for more than a week,high fever,mucus during cough,blood during cough,difficulty in breathing,,
Herpes Simplex (Child),fever,sores in mouth,swelling of lymph glands of neck,,,,
Lichen Planus(Mouth),white/red patches in mouth/tongue,discomfort in mouth,pain in gums,recurrent sores in mouth,,,
Mouth Ulcers,yellow painful sores with red outer ring in mouth,difficulty in eating,,,,,
Gingivitis,swelling of gums, bleeeding from gums,receded gums,,,,
Scurvy,swelling of gums, bleeeding from gums,tooth loss,,,,
Tetanus,jaw stiffness,stiff muscles,high fever,excessive sweating,fast heartbeat,,
Rotator Cuff Tendinitis,stiffness around the shoulder joint,pain in shoulder,,,,,
Nasal Polyps,blocked nose,runny nose,snoring,difficulty in breathing,mucus that drips from the back of nose down the throat ,,
Sinusitis (Sinus Infection),cold for more than a week,swelling of the lining of the nose,shift in the nasal cavity,,,,
Allergic Sinusitis,cold for more than a week,blocked nose,runny nose,facial pain,tooth pain in eating any food item,,
Common Cold,blocked nose,runny nose,,,,,
Anthrax,contact with any herbivore animal,itching of skin,bump/black sores on skin,abdomen pain,vomiting with blood,,
Bedsores,blister on skin,reddish discoloration of skin that worsens over time.,open wound,,,,
Chickenpox,blister on skin,fever,skin rashes with itching,,,,
Eczema(Child),reddish discoloration of skin,skin swelling,dry/scaly skin,unusual bleeding from skin,,,
Hemangioma(Child),reddish sore on the skin,"a massive, raised tumour with blood vessels.",,,,,
Hypervitaminosis A,fever,reddish discoloration of skin,scaly skin patches,peeling of skin,coarse hair,patchy hair loss,
Hypervitaminosis A(Children),bulging front-top part of brain,weight disturbances(increase/decrease),,,,,
Leprosy,faded sore on skin,unusual skin growth,skin numbness,enlarged nerves,,,
Lichen Planus(Skin),purple-red bumps on the skin,bumps with irregular white streaks ,scaly skin patches,itching on skin,,,
Measles(Khasra)(Infants),high fever,white spots in mouth/throat,inflammation of eyes,redness of eyes,,,
Psoriasis,reddish discoloration of skin,dry/scaly skin,silver patches on the skin,sores on chest/arms/scalp,,,
Scabies,itching in whole body,skin rashes,,,,,
Urticaria/Hives,recurrent skin patches,reddish discoloration of skin,itching of skin,,,,
Vitiligo,white patches on the skin,depression,mood disorders,,,,
Cellulitis,recent surgery,blister on skin,red spots on skin,skin dimpling,swelling of arms,swelling of legs,
Pediculosis Capitis(Head Lice),itching in head, visible lice on the scalp,lice eggs (nits) on the hair shafts,,,,
Spinal Cord Injury,past accident history major or minor,partial or complete loss of sensory function,resistance in limb movement,unnatural position of neck,chronic pain in back,blackout,
Lumbar Radiculopathy,pain in spine,pain from spine to back of legs, leg numbness,,,,
Cavities,white/brown discoloration of tooth,tooth pain in eating any food item,holes in tooth,,,,
Fluorosis(Child),white/brown discoloration of tooth,joint stiffness,joint pain,,,,
Gum Disease,swelling of gums,bad breath odour,receded gums,loose tooth,,,
Tooth Sensitivity,tooth pain in eating any food item,pain during breathing cold air,,,,,
Dental Abscess,poor dental hygiene/diet rich in sugar,tooth pain in eating any food item,swelling in your face,sweeling of cheek,sensitivity to the pressure of chewing or biting,pain relief if the gum ruptures,hearing loss
